<doc>
    <assembly>
        <name>Xamarin.Forms.Xaml</name>
    </assembly>
    <members>
        <member name="T:Xamarin.Forms.Xaml.AppThemeBindingExtension" />
        <member name="C:Xamarin.Forms.Xaml.AppThemeBindingExtension" />
        <member name="P:Xamarin.Forms.Xaml.AppThemeBindingExtension.Dark" />
        <member name="P:Xamarin.Forms.Xaml.AppThemeBindingExtension.Default" />
        <member name="P:Xamarin.Forms.Xaml.AppThemeBindingExtension.Light" />
        <member name="M:Xamarin.Forms.Xaml.AppThemeBindingExtension.ProvideValue(System.IServiceProvider)" />
        <member name="P:Xamarin.Forms.Xaml.AppThemeBindingExtension.Value" />
        <member name="M:Xamarin.Forms.Xaml.AppThemeBindingExtension.Xamarin#Forms#Xaml#IMarkupExtension{Xamarin#Forms#BindingBase}#ProvideValue(System.IServiceProvider)" />
        <member name="T:Xamarin.Forms.Xaml.ArrayExtension">
            <summary>Pour un usage interne par l’infrastructure XAML.</summary>
        </member>
        <member name="C:Xamarin.Forms.Xaml.ArrayExtension">
            <summary>Pour un usage interne par l’infrastructure XAML.</summary>
        </member>
        <member name="P:Xamarin.Forms.Xaml.ArrayExtension.Items">
            <summary>Pour un usage interne par l’infrastructure XAML.</summary>
        </member>
        <member name="M:Xamarin.Forms.Xaml.ArrayExtension.ProvideValue(System.IServiceProvider)">
            <param name="serviceProvider">Pour un usage interne par l’infrastructure XAML.</param>
            <summary>Pour un usage interne par l’infrastructure XAML.</summary>
        </member>
        <member name="P:Xamarin.Forms.Xaml.ArrayExtension.Type">
            <summary>Pour un usage interne par l’infrastructure XAML.</summary>
        </member>
        <member name="M:Xamarin.Forms.Xaml.ArrayExtension.Xamarin#Forms#Xaml#IMarkupExtension#ProvideValue(System.IServiceProvider)">
            <param name="serviceProvider">Pour un usage interne par l’infrastructure XAML.</param>
            <summary>Pour un usage interne par l’infrastructure XAML.</summary>
        </member>
        <member name="T:Xamarin.Forms.Xaml.BindingExtension">
            <summary>Pour un usage interne par l’infrastructure XAML.</summary>
        </member>
        <member name="C:Xamarin.Forms.Xaml.BindingExtension">
            <summary>Pour un usage interne par l’infrastructure XAML.</summary>
        </member>
        <member name="P:Xamarin.Forms.Xaml.BindingExtension.Converter">
            <summary>Pour un usage interne par l’infrastructure XAML.</summary>
        </member>
        <member name="P:Xamarin.Forms.Xaml.BindingExtension.ConverterParameter">
            <summary>Pour un usage interne par l’infrastructure XAML.</summary>
        </member>
        <member name="P:Xamarin.Forms.Xaml.BindingExtension.FallbackValue">
            <summary>Pour un usage interne par l’infrastructure XAML.</summary>
        </member>
        <member name="P:Xamarin.Forms.Xaml.BindingExtension.Mode">
            <summary>Pour un usage interne par l’infrastructure XAML.</summary>
        </member>
        <member name="P:Xamarin.Forms.Xaml.BindingExtension.Path">
            <summary>Pour un usage interne par l’infrastructure XAML.</summary>
        </member>
        <member name="P:Xamarin.Forms.Xaml.BindingExtension.Source">
            <summary>Pour un usage interne par l’infrastructure XAML.</summary>
        </member>
        <member name="P:Xamarin.Forms.Xaml.BindingExtension.StringFormat">
            <summary>Pour un usage interne par l’infrastructure XAML.</summary>
        </member>
        <member name="P:Xamarin.Forms.Xaml.BindingExtension.TargetNullValue">
            <summary>Pour un usage interne par l’infrastructure XAML.</summary>
        </member>
        <member name="P:Xamarin.Forms.Xaml.BindingExtension.TypedBinding">
            <summary>Pour un usage interne par l’infrastructure XAML.</summary>
        </member>
        <member name="P:Xamarin.Forms.Xaml.BindingExtension.UpdateSourceEventName">
            <summary>Pour un usage interne par l’infrastructure XAML.</summary>
        </member>
        <member name="M:Xamarin.Forms.Xaml.BindingExtension.Xamarin#Forms#Xaml#IMarkupExtension#ProvideValue(System.IServiceProvider)">
            <param name="serviceProvider">Pour un usage interne par l’infrastructure XAML.</param>
            <summary>Pour un usage interne par l’infrastructure XAML.</summary>
        </member>
        <member name="M:Xamarin.Forms.Xaml.BindingExtension.Xamarin#Forms#Xaml#IMarkupExtension{Xamarin#Forms#BindingBase}#ProvideValue(System.IServiceProvider)">
            <param name="serviceProvider">Pour un usage interne par l’infrastructure XAML.</param>
            <summary>Pour un usage interne par l’infrastructure XAML.</summary>
        </member>
        <member name="T:Xamarin.Forms.Xaml.DataTemplateExtension" />
        <member name="C:Xamarin.Forms.Xaml.DataTemplateExtension" />
        <member name="M:Xamarin.Forms.Xaml.DataTemplateExtension.ProvideValue(System.IServiceProvider)" />
        <member name="P:Xamarin.Forms.Xaml.DataTemplateExtension.TypeName" />
        <member name="M:Xamarin.Forms.Xaml.DataTemplateExtension.Xamarin#Forms#Xaml#IMarkupExtension#ProvideValue(System.IServiceProvider)" />
        <member name="T:Xamarin.Forms.Xaml.DynamicResourceExtension">
            <summary>Pour un usage interne par l’infrastructure XAML.</summary>
        </member>
        <member name="C:Xamarin.Forms.Xaml.DynamicResourceExtension">
            <summary>Internes.</summary>
        </member>
        <member name="P:Xamarin.Forms.Xaml.DynamicResourceExtension.Key">
            <summary>Pour un usage interne par l’infrastructure XAML.</summary>
        </member>
        <member name="M:Xamarin.Forms.Xaml.DynamicResourceExtension.ProvideValue(System.IServiceProvider)">
            <param name="serviceProvider">Pour un usage interne par l’infrastructure XAML.</param>
            <summary>Pour un usage interne par l’infrastructure XAML.</summary>
        </member>
        <member name="M:Xamarin.Forms.Xaml.DynamicResourceExtension.Xamarin#Forms#Xaml#IMarkupExtension{Xamarin#Forms#Internals#DynamicResource}#ProvideValue(System.IServiceProvider)">
            <param name="serviceProvider">Pour un usage interne par l’infrastructure XAML.</param>
            <summary>Pour un usage interne par l’infrastructure XAML.</summary>
        </member>
        <member name="T:Xamarin.Forms.Xaml.Extensions">
            <summary>Classe d’extension pour <see cref="T:Xamarin.Forms.View" /> définissant la méthode <see cref="M:Xamarin.Forms.Xaml.Extensions.LoadFromXaml``1(``0,System.String)" />.</summary>
        </member>
        <member name="M:Xamarin.Forms.Xaml.Extensions.LoadFromXaml``1(``0,System.String)">
            <typeparam name="TXaml">Le type de vue pour initialiser avec état à partir de XAML.</typeparam>
            <param name="view">Vue sur laquelle cette méthode fonctionne.</param>
            <param name="xaml">Code XAML qui encode l’état de la vue.</param>
            <summary>Retourne une vue initialisée en chargeant le <paramref name="xaml" /> spécifié.</summary>
            <returns>Vue initialisée.</returns>
        </member>
        <member name="M:Xamarin.Forms.Xaml.Extensions.LoadFromXaml``1(``0,System.Type)">
            <typeparam name="TXaml">Le type de vue pour initialiser avec état à partir de XAML.</typeparam>
            <param name="view">Vue sur laquelle cette méthode fonctionne.</param>
            <param name="callingType">Type de l’appelant.</param>
            <summary>Retourne un <paramref name="TXaml" /> avec les propriétés qui sont définies dans le manifeste de l’application pour <paramref name="callingType" />.</summary>
            <returns>
                <paramref name="TXaml" /> avec les propriétés qui sont définies dans le manifeste de l’application pour <paramref name="callingType" />.</returns>
        </member>
        <member name="T:Xamarin.Forms.Xaml.FontImageExtension" />
        <member name="C:Xamarin.Forms.Xaml.FontImageExtension" />
        <member name="P:Xamarin.Forms.Xaml.FontImageExtension.Color" />
        <member name="P:Xamarin.Forms.Xaml.FontImageExtension.FontFamily" />
        <member name="P:Xamarin.Forms.Xaml.FontImageExtension.Glyph" />
        <member name="M:Xamarin.Forms.Xaml.FontImageExtension.ProvideValue(System.IServiceProvider)" />
        <member name="P:Xamarin.Forms.Xaml.FontImageExtension.Size" />
        <member name="M:Xamarin.Forms.Xaml.FontImageExtension.Xamarin#Forms#Xaml#IMarkupExtension#ProvideValue(System.IServiceProvider)" />
        <member name="T:Xamarin.Forms.Xaml.NullExtension">
            <summary>Classe d’extension qui fait la distinction entre les valeurs null et les chaînes vides.</summary>
        </member>
        <member name="C:Xamarin.Forms.Xaml.NullExtension">
            <summary>Crée un objet <see cref="T:Xamarin.Forms.Xaml.NullExtension" /> avec des valeurs par défaut.</summary>
        </member>
        <member name="M:Xamarin.Forms.Xaml.NullExtension.ProvideValue(System.IServiceProvider)">
            <param name="serviceProvider">Pour un usage interne par l’infrastructure XAML.</param>
            <summary>Retourne l’objet null.</summary>
        </member>
        <member name="T:Xamarin.Forms.Xaml.OnIdiomExtension">
            <summary>Pour un usage interne par l’infrastructure XAML.</summary>
        </member>
        <member name="C:Xamarin.Forms.Xaml.OnIdiomExtension">
            <summary>Pour un usage interne par l’infrastructure XAML.</summary>
        </member>
        <member name="P:Xamarin.Forms.Xaml.OnIdiomExtension.Converter">
            <summary>Pour un usage interne par l’infrastructure XAML.</summary>
        </member>
        <member name="P:Xamarin.Forms.Xaml.OnIdiomExtension.ConverterParameter">
            <summary>Pour un usage interne par l’infrastructure XAML.</summary>
        </member>
        <member name="P:Xamarin.Forms.Xaml.OnIdiomExtension.Default">
            <summary>Pour un usage interne par l’infrastructure XAML.</summary>
        </member>
        <member name="P:Xamarin.Forms.Xaml.OnIdiomExtension.Desktop">
            <summary>Pour un usage interne par l’infrastructure XAML.</summary>
        </member>
        <member name="P:Xamarin.Forms.Xaml.OnIdiomExtension.Phone">
            <summary>Pour un usage interne par l’infrastructure XAML.</summary>
        </member>
        <member name="M:Xamarin.Forms.Xaml.OnIdiomExtension.ProvideValue(System.IServiceProvider)">
            <summary>Pour un usage interne par l’infrastructure XAML.</summary>
        </member>
        <member name="P:Xamarin.Forms.Xaml.OnIdiomExtension.Tablet">
            <summary>Pour un usage interne par l’infrastructure XAML.</summary>
        </member>
        <member name="P:Xamarin.Forms.Xaml.OnIdiomExtension.TV">
            <summary>Pour un usage interne par l’infrastructure XAML.</summary>
        </member>
        <member name="P:Xamarin.Forms.Xaml.OnIdiomExtension.Watch">
            <summary>Pour un usage interne par l’infrastructure XAML.</summary>
        </member>
        <member name="T:Xamarin.Forms.Xaml.OnPlatformExtension">
            <summary>Pour un usage interne par l’infrastructure XAML.</summary>
        </member>
        <member name="C:Xamarin.Forms.Xaml.OnPlatformExtension">
            <summary>Pour un usage interne par l’infrastructure XAML.</summary>
        </member>
        <member name="P:Xamarin.Forms.Xaml.OnPlatformExtension.Android">
            <summary>Pour un usage interne par l’infrastructure XAML.</summary>
        </member>
        <member name="P:Xamarin.Forms.Xaml.OnPlatformExtension.Converter">
            <summary>Pour un usage interne par l’infrastructure XAML.</summary>
        </member>
        <member name="P:Xamarin.Forms.Xaml.OnPlatformExtension.ConverterParameter">
            <summary>Pour un usage interne par l’infrastructure XAML.</summary>
        </member>
        <member name="P:Xamarin.Forms.Xaml.OnPlatformExtension.Default">
            <summary>Pour un usage interne par l’infrastructure XAML.</summary>
        </member>
        <member name="P:Xamarin.Forms.Xaml.OnPlatformExtension.GTK">
            <summary>Pour un usage interne par l’infrastructure XAML.</summary>
        </member>
        <member name="P:Xamarin.Forms.Xaml.OnPlatformExtension.iOS">
            <summary>Pour un usage interne par l’infrastructure XAML.</summary>
        </member>
        <member name="P:Xamarin.Forms.Xaml.OnPlatformExtension.macOS">
            <summary>Pour un usage interne par l’infrastructure XAML.</summary>
        </member>
        <member name="M:Xamarin.Forms.Xaml.OnPlatformExtension.ProvideValue(System.IServiceProvider)">
            <summary>Pour un usage interne par l’infrastructure XAML.</summary>
        </member>
        <member name="P:Xamarin.Forms.Xaml.OnPlatformExtension.Tizen">
            <summary>Pour un usage interne par l’infrastructure XAML.</summary>
        </member>
        <member name="P:Xamarin.Forms.Xaml.OnPlatformExtension.UWP">
            <summary>Pour un usage interne par l’infrastructure XAML.</summary>
        </member>
        <member name="P:Xamarin.Forms.Xaml.OnPlatformExtension.WPF">
            <summary>Pour un usage interne par l’infrastructure XAML.</summary>
        </member>
        <member name="T:Xamarin.Forms.Xaml.ReferenceExtension">
            <summary>Extension de balisage pour faire référence à d’autres types définis en XAML.</summary>
        </member>
        <member name="C:Xamarin.Forms.Xaml.ReferenceExtension">
            <summary>Crée un <see cref="T:Xamarin.Forms.Xaml.ReferenceExtension" /> avec des valeurs par défaut.</summary>
        </member>
        <member name="P:Xamarin.Forms.Xaml.ReferenceExtension.Name">
            <summary>Obtient ou définit le nom de l’entité à référencer.</summary>
        </member>
        <member name="M:Xamarin.Forms.Xaml.ReferenceExtension.ProvideValue(System.IServiceProvider)">
            <param name="serviceProvider">Pour un usage interne par l’infrastructure XAML.</param>
            <summary>Retourne un objet qui représente le type référencé.</summary>
        </member>
        <member name="T:Xamarin.Forms.Xaml.RelativeSourceExtension" />
        <member name="C:Xamarin.Forms.Xaml.RelativeSourceExtension" />
        <member name="P:Xamarin.Forms.Xaml.RelativeSourceExtension.AncestorLevel" />
        <member name="P:Xamarin.Forms.Xaml.RelativeSourceExtension.AncestorType" />
        <member name="P:Xamarin.Forms.Xaml.RelativeSourceExtension.Mode" />
        <member name="M:Xamarin.Forms.Xaml.RelativeSourceExtension.ProvideValue(System.IServiceProvider)" />
        <member name="M:Xamarin.Forms.Xaml.RelativeSourceExtension.Xamarin#Forms#Xaml#IMarkupExtension{Xamarin#Forms#RelativeBindingSource}#ProvideValue(System.IServiceProvider)" />
        <member name="T:Xamarin.Forms.Xaml.StaticExtension">
            <summary>Extension de balisage qui obtient une valeur de membre statique.</summary>
        </member>
        <member name="C:Xamarin.Forms.Xaml.StaticExtension">
            <summary>Crée un objet <see cref="T:Xamarin.Forms.Xaml.StaticExtension" /> avec des valeurs par défaut.</summary>
        </member>
        <member name="P:Xamarin.Forms.Xaml.StaticExtension.Member">
            <summary>Obtient ou définit le nom du membre.</summary>
        </member>
        <member name="M:Xamarin.Forms.Xaml.StaticExtension.ProvideValue(System.IServiceProvider)">
            <param name="serviceProvider">Pour un usage interne par l’infrastructure XAML.</param>
            <summary>Retourne la valeur du membre.</summary>
        </member>
        <member name="T:Xamarin.Forms.Xaml.StaticResourceExtension">
            <summary>Pour un usage interne par l’infrastructure XAML.</summary>
        </member>
        <member name="C:Xamarin.Forms.Xaml.StaticResourceExtension">
            <summary>Pour un usage interne par l’infrastructure XAML.</summary>
        </member>
        <member name="P:Xamarin.Forms.Xaml.StaticResourceExtension.Key">
            <summary>Pour un usage interne par l’infrastructure XAML.</summary>
        </member>
        <member name="M:Xamarin.Forms.Xaml.StaticResourceExtension.ProvideValue(System.IServiceProvider)">
            <param name="serviceProvider">Pour un usage interne par l’infrastructure XAML.</param>
            <summary>Pour un usage interne par l’infrastructure XAML.</summary>
        </member>
        <member name="T:Xamarin.Forms.Xaml.StyleSheetExtension">
            <summary>Pour un usage interne par l’infrastructure XAML.</summary>
        </member>
        <member name="C:Xamarin.Forms.Xaml.StyleSheetExtension">
            <summary>Pour un usage interne par l’infrastructure XAML.</summary>
        </member>
        <member name="P:Xamarin.Forms.Xaml.StyleSheetExtension.Source">
            <summary>Pour un usage interne par l’infrastructure XAML.</summary>
            <value>Pour un usage interne par l’infrastructure XAML.</value>
        </member>
        <member name="P:Xamarin.Forms.Xaml.StyleSheetExtension.Style">
            <summary>Pour un usage interne par l’infrastructure XAML.</summary>
            <value>Pour un usage interne par l’infrastructure XAML.</value>
        </member>
        <member name="M:Xamarin.Forms.Xaml.StyleSheetExtension.Xamarin#Forms#Xaml#IValueProvider#ProvideValue(System.IServiceProvider)">
            <param name="serviceProvider">Pour un usage interne par l’infrastructure XAML.</param>
            <summary>Pour un usage interne par l’infrastructure XAML.</summary>
            <returns>Pour un usage interne par l’infrastructure XAML.</returns>
        </member>
        <member name="T:Xamarin.Forms.Xaml.TemplateBindingExtension">
            <summary>Pour un usage interne par l’infrastructure XAML.</summary>
        </member>
        <member name="C:Xamarin.Forms.Xaml.TemplateBindingExtension">
            <summary>Pour un usage interne par l’infrastructure XAML.</summary>
        </member>
        <member name="P:Xamarin.Forms.Xaml.TemplateBindingExtension.Converter">
            <summary>Pour un usage interne par l’infrastructure XAML.</summary>
        </member>
        <member name="P:Xamarin.Forms.Xaml.TemplateBindingExtension.ConverterParameter">
            <summary>Pour un usage interne par l’infrastructure XAML.</summary>
        </member>
        <member name="P:Xamarin.Forms.Xaml.TemplateBindingExtension.Mode">
            <summary>Pour un usage interne par l’infrastructure XAML.</summary>
        </member>
        <member name="P:Xamarin.Forms.Xaml.TemplateBindingExtension.Path">
            <summary>Pour un usage interne par l’infrastructure XAML.</summary>
        </member>
        <member name="P:Xamarin.Forms.Xaml.TemplateBindingExtension.StringFormat">
            <summary>Pour un usage interne par l’infrastructure XAML.</summary>
        </member>
        <member name="M:Xamarin.Forms.Xaml.TemplateBindingExtension.Xamarin#Forms#Xaml#IMarkupExtension#ProvideValue(System.IServiceProvider)">
            <param name="serviceProvider">Pour un usage interne par l’infrastructure XAML.</param>
            <summary>Pour un usage interne par l’infrastructure XAML.</summary>
        </member>
        <member name="M:Xamarin.Forms.Xaml.TemplateBindingExtension.Xamarin#Forms#Xaml#IMarkupExtension{Xamarin#Forms#BindingBase}#ProvideValue(System.IServiceProvider)">
            <param name="serviceProvider">Pour un usage interne par l’infrastructure XAML.</param>
            <summary>Pour un usage interne par l’infrastructure XAML.</summary>
        </member>
        <member name="T:Xamarin.Forms.Xaml.TypeExtension">
            <summary>Pour un usage interne par l’infrastructure XAML.</summary>
        </member>
        <member name="C:Xamarin.Forms.Xaml.TypeExtension">
            <summary>Pour un usage interne par l’infrastructure XAML.</summary>
        </member>
        <member name="M:Xamarin.Forms.Xaml.TypeExtension.ProvideValue(System.IServiceProvider)">
            <param name="serviceProvider">Pour un usage interne par l’infrastructure XAML.</param>
            <summary>Pour un usage interne par l’infrastructure XAML.</summary>
        </member>
        <member name="P:Xamarin.Forms.Xaml.TypeExtension.TypeName">
            <summary>Pour un usage interne par l’infrastructure XAML.</summary>
        </member>
        <member name="M:Xamarin.Forms.Xaml.TypeExtension.Xamarin#Forms#Xaml#IMarkupExtension#ProvideValue(System.IServiceProvider)">
            <param name="serviceProvider">Pour un usage interne par l’infrastructure XAML.</param>
            <summary>Pour un usage interne par l’infrastructure XAML.</summary>
        </member>
        <member name="T:Xamarin.Forms.Xaml.XamlCompilationAttribute">
            <summary>Attribut qui contrôle si XAML sera compilé au moment de la génération ou de l’exécution.</summary>
        </member>
        <member name="C:Xamarin.Forms.Xaml.XamlCompilationAttribute(Xamarin.Forms.Xaml.XamlCompilationOptions)">
            <param name="xamlCompilationOptions">Valeur qui indique si XAML doit être compilé au moment de l’exécution ou de la compilation.</param>
            <summary>Crée un <see cref="T:Xamarin.Forms.Xaml.XamlCompilationAttribute" /> avec la valeur spécifiée.</summary>
        </member>
        <member name="P:Xamarin.Forms.Xaml.XamlCompilationAttribute.XamlCompilationOptions">
            <summary>Obtient ou définit une valeur qui indique si XAML doit être compilé au moment de l’exécution ou de la compilation.</summary>
        </member>
        <member name="T:Xamarin.Forms.Xaml.XamlCompilationOptions">
            <summary>Énumère les valeurs qui contrôlent quand XAML est compilé en langage intermédiaire.</summary>
        </member>
        <member name="F:Xamarin.Forms.Xaml.XamlCompilationOptions.Compile">
            <summary>Compilez le XAML pour la classe ou le projet quand l’application est générée.</summary>
        </member>
        <member name="F:Xamarin.Forms.Xaml.XamlCompilationOptions.Skip">
            <summary>Compilez le XAML pour la classe ou le projet quand l’application est exécutée sur l’appareil.</summary>
        </member>
        <member name="T:Xamarin.Forms.Xaml.XamlFilePathAttribute">
            <summary>Pour un usage interne par l’infrastructure XAML.</summary>
        </member>
        <member name="C:Xamarin.Forms.Xaml.XamlFilePathAttribute(System.String)">
            <param name="filePath">Pour un usage interne par l’infrastructure XAML.</param>
            <summary>Pour un usage interne par l’infrastructure XAML.</summary>
        </member>
        <member name="P:Xamarin.Forms.Xaml.XamlFilePathAttribute.FilePath">
            <summary>Pour un usage interne par l’infrastructure XAML.</summary>
            <value>Pour un usage interne par l’infrastructure XAML.</value>
        </member>
        <member name="T:Xamarin.Forms.Xaml.Internals.NameScopeProvider">
            <summary>Pour un usage interne par la plateforme Xamarin.Forms.</summary>
        </member>
        <member name="C:Xamarin.Forms.Xaml.Internals.NameScopeProvider">
            <summary>Pour un usage interne par la plateforme Xamarin.Forms.</summary>
        </member>
        <member name="P:Xamarin.Forms.Xaml.Internals.NameScopeProvider.NameScope">
            <summary>Pour un usage interne par la plateforme Xamarin.Forms.</summary>
        </member>
        <member name="T:Xamarin.Forms.Xaml.Internals.SimpleValueTargetProvider">
            <summary>Pour un usage interne par la plateforme Xamarin.Forms.</summary>
        </member>
        <member name="C:Xamarin.Forms.Xaml.Internals.SimpleValueTargetProvider(System.Object[])">
            <param name="objectAndParents">Pour un usage interne par la plateforme Xamarin.Forms.</param>
            <summary>Pour un usage interne par la plateforme Xamarin.Forms.</summary>
        </member>
        <member name="C:Xamarin.Forms.Xaml.Internals.SimpleValueTargetProvider(System.Object[],System.Object)">
            <param name="objectAndParents">Pour un usage interne par la plateforme Xamarin.Forms.</param>
            <param name="targetProperty">Pour un usage interne par la plateforme Xamarin.Forms.</param>
            <summary>Pour un usage interne par la plateforme Xamarin.Forms.</summary>
        </member>
        <member name="C:Xamarin.Forms.Xaml.Internals.SimpleValueTargetProvider(System.Object[],System.Object,Xamarin.Forms.Internals.INameScope)">
            <summary>Pour un usage interne par la plateforme Xamarin.Forms.</summary>
        </member>
        <member name="M:Xamarin.Forms.Xaml.Internals.SimpleValueTargetProvider.FindByName(System.String)">
            <summary>Pour un usage interne par l’infrastructure XAML.</summary>
        </member>
        <member name="P:Xamarin.Forms.Xaml.Internals.SimpleValueTargetProvider.Xamarin#Forms#Xaml#IProvideValueTarget#TargetObject">
            <summary>Pour un usage interne par la plateforme Xamarin.Forms.</summary>
        </member>
        <member name="P:Xamarin.Forms.Xaml.Internals.SimpleValueTargetProvider.Xamarin#Forms#Xaml#IProvideValueTarget#TargetProperty">
            <summary>Pour un usage interne par la plateforme Xamarin.Forms.</summary>
        </member>
        <member name="T:Xamarin.Forms.Xaml.Internals.XamlLoader">
            <summary>Pour un usage interne par la plateforme Xamarin.Forms.</summary>
        </member>
        <member name="P:Xamarin.Forms.Xaml.Internals.XamlLoader.XamlFileProvider">
            <summary>Pour un usage interne par la plateforme Xamarin.Forms.</summary>
        </member>
        <member name="T:Xamarin.Forms.Xaml.Internals.XamlServiceProvider">
            <summary>Pour un usage interne par la plateforme Xamarin.Forms.</summary>
        </member>
        <member name="C:Xamarin.Forms.Xaml.Internals.XamlServiceProvider">
            <summary>Pour un usage interne par la plateforme Xamarin.Forms.</summary>
        </member>
        <member name="M:Xamarin.Forms.Xaml.Internals.XamlServiceProvider.Add(System.Type,System.Object)">
            <param name="type">Pour un usage interne par la plateforme Xamarin.Forms.</param>
            <param name="service">Pour un usage interne par la plateforme Xamarin.Forms.</param>
            <summary>Pour un usage interne par la plateforme Xamarin.Forms.</summary>
        </member>
        <member name="M:Xamarin.Forms.Xaml.Internals.XamlServiceProvider.GetService(System.Type)">
            <param name="serviceType">Pour un usage interne par la plateforme Xamarin.Forms.</param>
            <summary>Pour un usage interne par la plateforme Xamarin.Forms.</summary>
        </member>
        <member name="T:Xamarin.Forms.Xaml.Internals.XamlTypeResolver">
            <summary>Pour un usage interne par la plateforme Xamarin.Forms.</summary>
        </member>
        <member name="C:Xamarin.Forms.Xaml.Internals.XamlTypeResolver(System.Xml.IXmlNamespaceResolver,System.Reflection.Assembly)">
            <param name="namespaceResolver">Pour un usage interne par la plateforme Xamarin.Forms.</param>
            <param name="currentAssembly">Pour un usage interne par la plateforme Xamarin.Forms.</param>
            <summary>Pour un usage interne par la plateforme Xamarin.Forms.</summary>
        </member>
        <member name="M:Xamarin.Forms.Xaml.Internals.XamlTypeResolver.Xamarin#Forms#Xaml#IXamlTypeResolver#Resolve(System.String,System.IServiceProvider)">
            <param name="qualifiedTypeName">Pour un usage interne par la plateforme Xamarin.Forms.</param>
            <param name="serviceProvider">Pour un usage interne par la plateforme Xamarin.Forms.</param>
            <summary>Pour un usage interne par la plateforme Xamarin.Forms.</summary>
        </member>
        <member name="M:Xamarin.Forms.Xaml.Internals.XamlTypeResolver.Xamarin#Forms#Xaml#IXamlTypeResolver#TryResolve(System.String,System.Type)" />
        <member name="T:Xamarin.Forms.Xaml.Internals.XmlLineInfoProvider">
            <summary>Pour un usage interne par la plateforme Xamarin.Forms.</summary>
        </member>
        <member name="C:Xamarin.Forms.Xaml.Internals.XmlLineInfoProvider(System.Xml.IXmlLineInfo)">
            <param name="xmlLineInfo">Pour un usage interne par la plateforme Xamarin.Forms.</param>
            <summary>Pour un usage interne par la plateforme Xamarin.Forms.</summary>
        </member>
        <member name="P:Xamarin.Forms.Xaml.Internals.XmlLineInfoProvider.XmlLineInfo">
            <summary>Pour un usage interne par la plateforme Xamarin.Forms.</summary>
        </member>
        <member name="T:Xamarin.Forms.Xaml.Internals.XmlNamespaceResolver">
            <summary>Pour un usage interne par la plateforme Xamarin.Forms.</summary>
        </member>
        <member name="C:Xamarin.Forms.Xaml.Internals.XmlNamespaceResolver">
            <summary>Pour un usage interne par la plateforme Xamarin.Forms.</summary>
        </member>
        <member name="M:Xamarin.Forms.Xaml.Internals.XmlNamespaceResolver.Add(System.String,System.String)">
            <param name="prefix">Pour un usage interne par la plateforme Xamarin.Forms.</param>
            <param name="ns">Pour un usage interne par la plateforme Xamarin.Forms.</param>
            <summary>Pour un usage interne par la plateforme Xamarin.Forms.</summary>
        </member>
        <member name="M:Xamarin.Forms.Xaml.Internals.XmlNamespaceResolver.GetNamespacesInScope(System.Xml.XmlNamespaceScope)">
            <param name="scope">Pour un usage interne par la plateforme Xamarin.Forms.</param>
            <summary>Pour un usage interne par la plateforme Xamarin.Forms.</summary>
        </member>
        <member name="M:Xamarin.Forms.Xaml.Internals.XmlNamespaceResolver.LookupNamespace(System.String)">
            <param name="prefix">Pour un usage interne par la plateforme Xamarin.Forms.</param>
            <summary>Pour un usage interne par la plateforme Xamarin.Forms.</summary>
        </member>
        <member name="M:Xamarin.Forms.Xaml.Internals.XmlNamespaceResolver.LookupPrefix(System.String)">
            <param name="namespaceName">Pour un usage interne par la plateforme Xamarin.Forms.</param>
            <summary>Pour un usage interne par la plateforme Xamarin.Forms.</summary>
        </member>
    </members>
</doc>
