<doc>
    <assembly>
        <name>Xamarin.Forms.Xaml</name>
    </assembly>
    <members>
        <member name="T:Xamarin.Forms.Xaml.AppThemeBindingExtension" />
        <member name="C:Xamarin.Forms.Xaml.AppThemeBindingExtension" />
        <member name="P:Xamarin.Forms.Xaml.AppThemeBindingExtension.Dark" />
        <member name="P:Xamarin.Forms.Xaml.AppThemeBindingExtension.Default" />
        <member name="P:Xamarin.Forms.Xaml.AppThemeBindingExtension.Light" />
        <member name="M:Xamarin.Forms.Xaml.AppThemeBindingExtension.ProvideValue(System.IServiceProvider)" />
        <member name="P:Xamarin.Forms.Xaml.AppThemeBindingExtension.Value" />
        <member name="M:Xamarin.Forms.Xaml.AppThemeBindingExtension.Xamarin#Forms#Xaml#IMarkupExtension{Xamarin#Forms#BindingBase}#ProvideValue(System.IServiceProvider)" />
        <member name="T:Xamarin.Forms.Xaml.ArrayExtension">
            <summary>Per uso interno dell'infrastruttura XAML.</summary>
        </member>
        <member name="C:Xamarin.Forms.Xaml.ArrayExtension">
            <summary>Per uso interno dell'infrastruttura XAML.</summary>
        </member>
        <member name="P:Xamarin.Forms.Xaml.ArrayExtension.Items">
            <summary>Per uso interno dell'infrastruttura XAML.</summary>
        </member>
        <member name="M:Xamarin.Forms.Xaml.ArrayExtension.ProvideValue(System.IServiceProvider)">
            <param name="serviceProvider">Per uso interno dell'infrastruttura XAML.</param>
            <summary>Per uso interno dell'infrastruttura XAML.</summary>
        </member>
        <member name="P:Xamarin.Forms.Xaml.ArrayExtension.Type">
            <summary>Per uso interno dell'infrastruttura XAML.</summary>
        </member>
        <member name="M:Xamarin.Forms.Xaml.ArrayExtension.Xamarin#Forms#Xaml#IMarkupExtension#ProvideValue(System.IServiceProvider)">
            <param name="serviceProvider">Per uso interno dell'infrastruttura XAML.</param>
            <summary>Per uso interno dell'infrastruttura XAML.</summary>
        </member>
        <member name="T:Xamarin.Forms.Xaml.BindingExtension">
            <summary>Per uso interno dell'infrastruttura XAML.</summary>
        </member>
        <member name="C:Xamarin.Forms.Xaml.BindingExtension">
            <summary>Per uso interno dell'infrastruttura XAML.</summary>
        </member>
        <member name="P:Xamarin.Forms.Xaml.BindingExtension.Converter">
            <summary>Per uso interno dell'infrastruttura XAML.</summary>
        </member>
        <member name="P:Xamarin.Forms.Xaml.BindingExtension.ConverterParameter">
            <summary>Per uso interno dell'infrastruttura XAML.</summary>
        </member>
        <member name="P:Xamarin.Forms.Xaml.BindingExtension.FallbackValue">
            <summary>Per uso interno dell'infrastruttura XAML.</summary>
        </member>
        <member name="P:Xamarin.Forms.Xaml.BindingExtension.Mode">
            <summary>Per uso interno dell'infrastruttura XAML.</summary>
        </member>
        <member name="P:Xamarin.Forms.Xaml.BindingExtension.Path">
            <summary>Per uso interno dell'infrastruttura XAML.</summary>
        </member>
        <member name="P:Xamarin.Forms.Xaml.BindingExtension.Source">
            <summary>Per uso interno dell'infrastruttura XAML.</summary>
        </member>
        <member name="P:Xamarin.Forms.Xaml.BindingExtension.StringFormat">
            <summary>Per uso interno dell'infrastruttura XAML.</summary>
        </member>
        <member name="P:Xamarin.Forms.Xaml.BindingExtension.TargetNullValue">
            <summary>Per uso interno dell'infrastruttura XAML.</summary>
        </member>
        <member name="P:Xamarin.Forms.Xaml.BindingExtension.TypedBinding">
            <summary>Per uso interno dell'infrastruttura XAML.</summary>
        </member>
        <member name="P:Xamarin.Forms.Xaml.BindingExtension.UpdateSourceEventName">
            <summary>Per uso interno dell'infrastruttura XAML.</summary>
        </member>
        <member name="M:Xamarin.Forms.Xaml.BindingExtension.Xamarin#Forms#Xaml#IMarkupExtension#ProvideValue(System.IServiceProvider)">
            <param name="serviceProvider">Per uso interno dell'infrastruttura XAML.</param>
            <summary>Per uso interno dell'infrastruttura XAML.</summary>
        </member>
        <member name="M:Xamarin.Forms.Xaml.BindingExtension.Xamarin#Forms#Xaml#IMarkupExtension{Xamarin#Forms#BindingBase}#ProvideValue(System.IServiceProvider)">
            <param name="serviceProvider">Per uso interno dell'infrastruttura XAML.</param>
            <summary>Per uso interno dell'infrastruttura XAML.</summary>
        </member>
        <member name="T:Xamarin.Forms.Xaml.DataTemplateExtension" />
        <member name="C:Xamarin.Forms.Xaml.DataTemplateExtension" />
        <member name="M:Xamarin.Forms.Xaml.DataTemplateExtension.ProvideValue(System.IServiceProvider)" />
        <member name="P:Xamarin.Forms.Xaml.DataTemplateExtension.TypeName" />
        <member name="M:Xamarin.Forms.Xaml.DataTemplateExtension.Xamarin#Forms#Xaml#IMarkupExtension#ProvideValue(System.IServiceProvider)" />
        <member name="T:Xamarin.Forms.Xaml.DynamicResourceExtension">
            <summary>Per uso interno dell'infrastruttura XAML.</summary>
        </member>
        <member name="C:Xamarin.Forms.Xaml.DynamicResourceExtension">
            <summary>Interno.</summary>
        </member>
        <member name="P:Xamarin.Forms.Xaml.DynamicResourceExtension.Key">
            <summary>Per uso interno dell'infrastruttura XAML.</summary>
        </member>
        <member name="M:Xamarin.Forms.Xaml.DynamicResourceExtension.ProvideValue(System.IServiceProvider)">
            <param name="serviceProvider">Per uso interno dell'infrastruttura XAML.</param>
            <summary>Per uso interno dell'infrastruttura XAML.</summary>
        </member>
        <member name="M:Xamarin.Forms.Xaml.DynamicResourceExtension.Xamarin#Forms#Xaml#IMarkupExtension{Xamarin#Forms#Internals#DynamicResource}#ProvideValue(System.IServiceProvider)">
            <param name="serviceProvider">Per uso interno dell'infrastruttura XAML.</param>
            <summary>Per uso interno dell'infrastruttura XAML.</summary>
        </member>
        <member name="T:Xamarin.Forms.Xaml.Extensions">
            <summary>Classe estensione per l'elemento <see cref="T:Xamarin.Forms.View" /> che definisce il metodo <see cref="M:Xamarin.Forms.Xaml.Extensions.LoadFromXaml``1(``0,System.String)" />.</summary>
        </member>
        <member name="M:Xamarin.Forms.Xaml.Extensions.LoadFromXaml``1(``0,System.String)">
            <typeparam name="TXaml">Il tipo di visualizzazione per l'inizializzazione con stato da XAML.</typeparam>
            <param name="view">Vista sulla quale opera questo metodo.</param>
            <param name="xaml">XAML che codifica lo stato di visualizzazione.</param>
            <summary>Restituisce una visualizzazione inizializzata caricando l'elemento <paramref name="xaml" /> specificato.</summary>
            <returns>La visualizzazione inizializzata.</returns>
        </member>
        <member name="M:Xamarin.Forms.Xaml.Extensions.LoadFromXaml``1(``0,System.Type)">
            <typeparam name="TXaml">Il tipo di visualizzazione per l'inizializzazione con stato da XAML.</typeparam>
            <param name="view">Vista sulla quale opera questo metodo.</param>
            <param name="callingType">Tipo del chiamante.</param>
            <summary>Restituisce un <paramref name="TXaml" /> con le proprietà definite nel manifesto dell'applicazione per <paramref name="callingType" />.</summary>
            <returns>Un elemento <paramref name="TXaml" /> con le proprietà definite nel manifesto dell'applicazione per <paramref name="callingType" />.</returns>
        </member>
        <member name="T:Xamarin.Forms.Xaml.FontImageExtension" />
        <member name="C:Xamarin.Forms.Xaml.FontImageExtension" />
        <member name="P:Xamarin.Forms.Xaml.FontImageExtension.Color" />
        <member name="P:Xamarin.Forms.Xaml.FontImageExtension.FontFamily" />
        <member name="P:Xamarin.Forms.Xaml.FontImageExtension.Glyph" />
        <member name="M:Xamarin.Forms.Xaml.FontImageExtension.ProvideValue(System.IServiceProvider)" />
        <member name="P:Xamarin.Forms.Xaml.FontImageExtension.Size" />
        <member name="M:Xamarin.Forms.Xaml.FontImageExtension.Xamarin#Forms#Xaml#IMarkupExtension#ProvideValue(System.IServiceProvider)" />
        <member name="T:Xamarin.Forms.Xaml.NullExtension">
            <summary>Classe estensione che distingue tra i valori null e le stringhe vuote.</summary>
        </member>
        <member name="C:Xamarin.Forms.Xaml.NullExtension">
            <summary>Crea un nuovo oggetto <see cref="T:Xamarin.Forms.Xaml.NullExtension" /> con valori predefiniti.</summary>
        </member>
        <member name="M:Xamarin.Forms.Xaml.NullExtension.ProvideValue(System.IServiceProvider)">
            <param name="serviceProvider">Per uso interno dell'infrastruttura XAML.</param>
            <summary>Restituisce l'oggetto null.</summary>
        </member>
        <member name="T:Xamarin.Forms.Xaml.OnIdiomExtension">
            <summary>Per uso interno dell'infrastruttura XAML.</summary>
        </member>
        <member name="C:Xamarin.Forms.Xaml.OnIdiomExtension">
            <summary>Per uso interno dell'infrastruttura XAML.</summary>
        </member>
        <member name="P:Xamarin.Forms.Xaml.OnIdiomExtension.Converter">
            <summary>Per uso interno dell'infrastruttura XAML.</summary>
        </member>
        <member name="P:Xamarin.Forms.Xaml.OnIdiomExtension.ConverterParameter">
            <summary>Per uso interno dell'infrastruttura XAML.</summary>
        </member>
        <member name="P:Xamarin.Forms.Xaml.OnIdiomExtension.Default">
            <summary>Per uso interno dell'infrastruttura XAML.</summary>
        </member>
        <member name="P:Xamarin.Forms.Xaml.OnIdiomExtension.Desktop">
            <summary>Per uso interno dell'infrastruttura XAML.</summary>
        </member>
        <member name="P:Xamarin.Forms.Xaml.OnIdiomExtension.Phone">
            <summary>Per uso interno dell'infrastruttura XAML.</summary>
        </member>
        <member name="M:Xamarin.Forms.Xaml.OnIdiomExtension.ProvideValue(System.IServiceProvider)">
            <summary>Per uso interno dell'infrastruttura XAML.</summary>
        </member>
        <member name="P:Xamarin.Forms.Xaml.OnIdiomExtension.Tablet">
            <summary>Per uso interno dell'infrastruttura XAML.</summary>
        </member>
        <member name="P:Xamarin.Forms.Xaml.OnIdiomExtension.TV">
            <summary>Per uso interno dell'infrastruttura XAML.</summary>
        </member>
        <member name="P:Xamarin.Forms.Xaml.OnIdiomExtension.Watch">
            <summary>Per uso interno dell'infrastruttura XAML.</summary>
        </member>
        <member name="T:Xamarin.Forms.Xaml.OnPlatformExtension">
            <summary>Per uso interno dell'infrastruttura XAML.</summary>
        </member>
        <member name="C:Xamarin.Forms.Xaml.OnPlatformExtension">
            <summary>Per uso interno dell'infrastruttura XAML.</summary>
        </member>
        <member name="P:Xamarin.Forms.Xaml.OnPlatformExtension.Android">
            <summary>Per uso interno dell'infrastruttura XAML.</summary>
        </member>
        <member name="P:Xamarin.Forms.Xaml.OnPlatformExtension.Converter">
            <summary>Per uso interno dell'infrastruttura XAML.</summary>
        </member>
        <member name="P:Xamarin.Forms.Xaml.OnPlatformExtension.ConverterParameter">
            <summary>Per uso interno dell'infrastruttura XAML.</summary>
        </member>
        <member name="P:Xamarin.Forms.Xaml.OnPlatformExtension.Default">
            <summary>Per uso interno dell'infrastruttura XAML.</summary>
        </member>
        <member name="P:Xamarin.Forms.Xaml.OnPlatformExtension.GTK">
            <summary>Per uso interno dell'infrastruttura XAML.</summary>
        </member>
        <member name="P:Xamarin.Forms.Xaml.OnPlatformExtension.iOS">
            <summary>Per uso interno dell'infrastruttura XAML.</summary>
        </member>
        <member name="P:Xamarin.Forms.Xaml.OnPlatformExtension.macOS">
            <summary>Per uso interno dell'infrastruttura XAML.</summary>
        </member>
        <member name="M:Xamarin.Forms.Xaml.OnPlatformExtension.ProvideValue(System.IServiceProvider)">
            <summary>Per uso interno dell'infrastruttura XAML.</summary>
        </member>
        <member name="P:Xamarin.Forms.Xaml.OnPlatformExtension.Tizen">
            <summary>Per uso interno dell'infrastruttura XAML.</summary>
        </member>
        <member name="P:Xamarin.Forms.Xaml.OnPlatformExtension.UWP">
            <summary>Per uso interno dell'infrastruttura XAML.</summary>
        </member>
        <member name="P:Xamarin.Forms.Xaml.OnPlatformExtension.WPF">
            <summary>Per uso interno dell'infrastruttura XAML.</summary>
        </member>
        <member name="T:Xamarin.Forms.Xaml.ReferenceExtension">
            <summary>Estensione di markup per fare riferimento ad altri tipi definiti da XAML.</summary>
        </member>
        <member name="C:Xamarin.Forms.Xaml.ReferenceExtension">
            <summary>Crea un nuovo elemento <see cref="T:Xamarin.Forms.Xaml.ReferenceExtension" /> con valori predefiniti.</summary>
        </member>
        <member name="P:Xamarin.Forms.Xaml.ReferenceExtension.Name">
            <summary>Ottiene o imposta il nome dell'entità a cui fare riferimento.</summary>
        </member>
        <member name="M:Xamarin.Forms.Xaml.ReferenceExtension.ProvideValue(System.IServiceProvider)">
            <param name="serviceProvider">Per uso interno dell'infrastruttura XAML.</param>
            <summary>Restituisce un oggetto che rappresenta il tipo a cui si è fatto riferimento.</summary>
        </member>
        <member name="T:Xamarin.Forms.Xaml.RelativeSourceExtension" />
        <member name="C:Xamarin.Forms.Xaml.RelativeSourceExtension" />
        <member name="P:Xamarin.Forms.Xaml.RelativeSourceExtension.AncestorLevel" />
        <member name="P:Xamarin.Forms.Xaml.RelativeSourceExtension.AncestorType" />
        <member name="P:Xamarin.Forms.Xaml.RelativeSourceExtension.Mode" />
        <member name="M:Xamarin.Forms.Xaml.RelativeSourceExtension.ProvideValue(System.IServiceProvider)" />
        <member name="M:Xamarin.Forms.Xaml.RelativeSourceExtension.Xamarin#Forms#Xaml#IMarkupExtension{Xamarin#Forms#RelativeBindingSource}#ProvideValue(System.IServiceProvider)" />
        <member name="T:Xamarin.Forms.Xaml.StaticExtension">
            <summary>Un'estensione di markup che ottiene il valore di un membro statico.</summary>
        </member>
        <member name="C:Xamarin.Forms.Xaml.StaticExtension">
            <summary>Crea un nuovo oggetto <see cref="T:Xamarin.Forms.Xaml.StaticExtension" /> con valori predefiniti.</summary>
        </member>
        <member name="P:Xamarin.Forms.Xaml.StaticExtension.Member">
            <summary>Ottiene o imposta il nome del membro.</summary>
        </member>
        <member name="M:Xamarin.Forms.Xaml.StaticExtension.ProvideValue(System.IServiceProvider)">
            <param name="serviceProvider">Per uso interno dell'infrastruttura XAML.</param>
            <summary>Restituisce il valore del membro.</summary>
        </member>
        <member name="T:Xamarin.Forms.Xaml.StaticResourceExtension">
            <summary>Per uso interno dell'infrastruttura XAML.</summary>
        </member>
        <member name="C:Xamarin.Forms.Xaml.StaticResourceExtension">
            <summary>Per uso interno dell'infrastruttura XAML.</summary>
        </member>
        <member name="P:Xamarin.Forms.Xaml.StaticResourceExtension.Key">
            <summary>Per uso interno dell'infrastruttura XAML.</summary>
        </member>
        <member name="M:Xamarin.Forms.Xaml.StaticResourceExtension.ProvideValue(System.IServiceProvider)">
            <param name="serviceProvider">Per uso interno dell'infrastruttura XAML.</param>
            <summary>Per uso interno dell'infrastruttura XAML.</summary>
        </member>
        <member name="T:Xamarin.Forms.Xaml.StyleSheetExtension">
            <summary>Per uso interno dell'infrastruttura XAML.</summary>
        </member>
        <member name="C:Xamarin.Forms.Xaml.StyleSheetExtension">
            <summary>Per uso interno dell'infrastruttura XAML.</summary>
        </member>
        <member name="P:Xamarin.Forms.Xaml.StyleSheetExtension.Source">
            <summary>Per uso interno dell'infrastruttura XAML.</summary>
            <value>Per uso interno dell'infrastruttura XAML.</value>
        </member>
        <member name="P:Xamarin.Forms.Xaml.StyleSheetExtension.Style">
            <summary>Per uso interno dell'infrastruttura XAML.</summary>
            <value>Per uso interno dell'infrastruttura XAML.</value>
        </member>
        <member name="M:Xamarin.Forms.Xaml.StyleSheetExtension.Xamarin#Forms#Xaml#IValueProvider#ProvideValue(System.IServiceProvider)">
            <param name="serviceProvider">Per uso interno dell'infrastruttura XAML.</param>
            <summary>Per uso interno dell'infrastruttura XAML.</summary>
            <returns>Per uso interno dell'infrastruttura XAML.</returns>
        </member>
        <member name="T:Xamarin.Forms.Xaml.TemplateBindingExtension">
            <summary>Per uso interno dell'infrastruttura XAML.</summary>
        </member>
        <member name="C:Xamarin.Forms.Xaml.TemplateBindingExtension">
            <summary>Per uso interno dell'infrastruttura XAML.</summary>
        </member>
        <member name="P:Xamarin.Forms.Xaml.TemplateBindingExtension.Converter">
            <summary>Per uso interno dell'infrastruttura XAML.</summary>
        </member>
        <member name="P:Xamarin.Forms.Xaml.TemplateBindingExtension.ConverterParameter">
            <summary>Per uso interno dell'infrastruttura XAML.</summary>
        </member>
        <member name="P:Xamarin.Forms.Xaml.TemplateBindingExtension.Mode">
            <summary>Per uso interno dell'infrastruttura XAML.</summary>
        </member>
        <member name="P:Xamarin.Forms.Xaml.TemplateBindingExtension.Path">
            <summary>Per uso interno dell'infrastruttura XAML.</summary>
        </member>
        <member name="P:Xamarin.Forms.Xaml.TemplateBindingExtension.StringFormat">
            <summary>Per uso interno dell'infrastruttura XAML.</summary>
        </member>
        <member name="M:Xamarin.Forms.Xaml.TemplateBindingExtension.Xamarin#Forms#Xaml#IMarkupExtension#ProvideValue(System.IServiceProvider)">
            <param name="serviceProvider">Per uso interno dell'infrastruttura XAML.</param>
            <summary>Per uso interno dell'infrastruttura XAML.</summary>
        </member>
        <member name="M:Xamarin.Forms.Xaml.TemplateBindingExtension.Xamarin#Forms#Xaml#IMarkupExtension{Xamarin#Forms#BindingBase}#ProvideValue(System.IServiceProvider)">
            <param name="serviceProvider">Per uso interno dell'infrastruttura XAML.</param>
            <summary>Per uso interno dell'infrastruttura XAML.</summary>
        </member>
        <member name="T:Xamarin.Forms.Xaml.TypeExtension">
            <summary>Per uso interno dell'infrastruttura XAML.</summary>
        </member>
        <member name="C:Xamarin.Forms.Xaml.TypeExtension">
            <summary>Per uso interno dell'infrastruttura XAML.</summary>
        </member>
        <member name="M:Xamarin.Forms.Xaml.TypeExtension.ProvideValue(System.IServiceProvider)">
            <param name="serviceProvider">Per uso interno dell'infrastruttura XAML.</param>
            <summary>Per uso interno dell'infrastruttura XAML.</summary>
        </member>
        <member name="P:Xamarin.Forms.Xaml.TypeExtension.TypeName">
            <summary>Per uso interno dell'infrastruttura XAML.</summary>
        </member>
        <member name="M:Xamarin.Forms.Xaml.TypeExtension.Xamarin#Forms#Xaml#IMarkupExtension#ProvideValue(System.IServiceProvider)">
            <param name="serviceProvider">Per uso interno dell'infrastruttura XAML.</param>
            <summary>Per uso interno dell'infrastruttura XAML.</summary>
        </member>
        <member name="T:Xamarin.Forms.Xaml.XamlCompilationAttribute">
            <summary>Attributo che controlla se XAML verrà compilato in fase di compilazione o di esecuzione.</summary>
        </member>
        <member name="C:Xamarin.Forms.Xaml.XamlCompilationAttribute(Xamarin.Forms.Xaml.XamlCompilationOptions)">
            <param name="xamlCompilationOptions">Valore che indica se la compilazione XAML avverrà in fase di esecuzione o di compilazione.</param>
            <summary>Crea un nuovo oggetto <see cref="T:Xamarin.Forms.Xaml.XamlCompilationAttribute" /> con il valore specificato.</summary>
        </member>
        <member name="P:Xamarin.Forms.Xaml.XamlCompilationAttribute.XamlCompilationOptions">
            <summary>Ottiene o imposta un valore che indica se la compilazione XAML avverrà in fase di esecuzione o di compilazione.</summary>
        </member>
        <member name="T:Xamarin.Forms.Xaml.XamlCompilationOptions">
            <summary>Enumera i valori che determinano quando XAML viene compilato in linguaggio intermedio.</summary>
        </member>
        <member name="F:Xamarin.Forms.Xaml.XamlCompilationOptions.Compile">
            <summary>Compilare XAML per la classe o un progetto quando viene compilata l'applicazione.</summary>
        </member>
        <member name="F:Xamarin.Forms.Xaml.XamlCompilationOptions.Skip">
            <summary>Compilare XAML per la classe o un progetto quando l'applicazione è in esecuzione nel dispositivo.</summary>
        </member>
        <member name="T:Xamarin.Forms.Xaml.XamlFilePathAttribute">
            <summary>Per uso interno dell'infrastruttura Xaml.</summary>
        </member>
        <member name="C:Xamarin.Forms.Xaml.XamlFilePathAttribute(System.String)">
            <param name="filePath">Per uso interno dell'infrastruttura XAML.</param>
            <summary>Per uso interno dell'infrastruttura Xaml.</summary>
        </member>
        <member name="P:Xamarin.Forms.Xaml.XamlFilePathAttribute.FilePath">
            <summary>Per uso interno dell'infrastruttura XAML.</summary>
            <value>Per uso interno dell'infrastruttura XAML.</value>
        </member>
        <member name="T:Xamarin.Forms.Xaml.Internals.NameScopeProvider">
            <summary>Per uso interno della piattaforma Xamarin.Forms.</summary>
        </member>
        <member name="C:Xamarin.Forms.Xaml.Internals.NameScopeProvider">
            <summary>Per uso interno della piattaforma Xamarin.Forms.</summary>
        </member>
        <member name="P:Xamarin.Forms.Xaml.Internals.NameScopeProvider.NameScope">
            <summary>Per uso interno della piattaforma Xamarin.Forms.</summary>
        </member>
        <member name="T:Xamarin.Forms.Xaml.Internals.SimpleValueTargetProvider">
            <summary>Per uso interno della piattaforma Xamarin.Forms.</summary>
        </member>
        <member name="C:Xamarin.Forms.Xaml.Internals.SimpleValueTargetProvider(System.Object[])">
            <param name="objectAndParents">Per uso interno della piattaforma Xamarin.Forms.</param>
            <summary>Per uso interno della piattaforma Xamarin.Forms.</summary>
        </member>
        <member name="C:Xamarin.Forms.Xaml.Internals.SimpleValueTargetProvider(System.Object[],System.Object)">
            <param name="objectAndParents">Per uso interno della piattaforma Xamarin.Forms.</param>
            <param name="targetProperty">Per uso interno della piattaforma Xamarin.Forms.</param>
            <summary>Per uso interno della piattaforma Xamarin.Forms.</summary>
        </member>
        <member name="C:Xamarin.Forms.Xaml.Internals.SimpleValueTargetProvider(System.Object[],System.Object,Xamarin.Forms.Internals.INameScope)">
            <summary>Per uso interno della piattaforma Xamarin.Forms.</summary>
        </member>
        <member name="M:Xamarin.Forms.Xaml.Internals.SimpleValueTargetProvider.FindByName(System.String)">
            <summary>Per uso interno dell'infrastruttura XAML.</summary>
        </member>
        <member name="P:Xamarin.Forms.Xaml.Internals.SimpleValueTargetProvider.Xamarin#Forms#Xaml#IProvideValueTarget#TargetObject">
            <summary>Per uso interno della piattaforma Xamarin.Forms.</summary>
        </member>
        <member name="P:Xamarin.Forms.Xaml.Internals.SimpleValueTargetProvider.Xamarin#Forms#Xaml#IProvideValueTarget#TargetProperty">
            <summary>Per uso interno della piattaforma Xamarin.Forms.</summary>
        </member>
        <member name="T:Xamarin.Forms.Xaml.Internals.XamlLoader">
            <summary>Per uso interno della piattaforma Xamarin.Forms.</summary>
        </member>
        <member name="P:Xamarin.Forms.Xaml.Internals.XamlLoader.XamlFileProvider">
            <summary>Per uso interno della piattaforma Xamarin.Forms.</summary>
        </member>
        <member name="T:Xamarin.Forms.Xaml.Internals.XamlServiceProvider">
            <summary>Per uso interno della piattaforma Xamarin.Forms.</summary>
        </member>
        <member name="C:Xamarin.Forms.Xaml.Internals.XamlServiceProvider">
            <summary>Per uso interno della piattaforma Xamarin.Forms.</summary>
        </member>
        <member name="M:Xamarin.Forms.Xaml.Internals.XamlServiceProvider.Add(System.Type,System.Object)">
            <param name="type">Per uso interno della piattaforma Xamarin.Forms.</param>
            <param name="service">Per uso interno della piattaforma Xamarin.Forms.</param>
            <summary>Per uso interno della piattaforma Xamarin.Forms.</summary>
        </member>
        <member name="M:Xamarin.Forms.Xaml.Internals.XamlServiceProvider.GetService(System.Type)">
            <param name="serviceType">Per uso interno della piattaforma Xamarin.Forms.</param>
            <summary>Per uso interno della piattaforma Xamarin.Forms.</summary>
        </member>
        <member name="T:Xamarin.Forms.Xaml.Internals.XamlTypeResolver">
            <summary>Per uso interno della piattaforma Xamarin.Forms.</summary>
        </member>
        <member name="C:Xamarin.Forms.Xaml.Internals.XamlTypeResolver(System.Xml.IXmlNamespaceResolver,System.Reflection.Assembly)">
            <param name="namespaceResolver">Per uso interno della piattaforma Xamarin.Forms.</param>
            <param name="currentAssembly">Per uso interno della piattaforma Xamarin.Forms.</param>
            <summary>Per uso interno della piattaforma Xamarin.Forms.</summary>
        </member>
        <member name="M:Xamarin.Forms.Xaml.Internals.XamlTypeResolver.Xamarin#Forms#Xaml#IXamlTypeResolver#Resolve(System.String,System.IServiceProvider)">
            <param name="qualifiedTypeName">Per uso interno della piattaforma Xamarin.Forms.</param>
            <param name="serviceProvider">Per uso interno della piattaforma Xamarin.Forms.</param>
            <summary>Per uso interno della piattaforma Xamarin.Forms.</summary>
        </member>
        <member name="M:Xamarin.Forms.Xaml.Internals.XamlTypeResolver.Xamarin#Forms#Xaml#IXamlTypeResolver#TryResolve(System.String,System.Type)" />
        <member name="T:Xamarin.Forms.Xaml.Internals.XmlLineInfoProvider">
            <summary>Per uso interno della piattaforma Xamarin.Forms.</summary>
        </member>
        <member name="C:Xamarin.Forms.Xaml.Internals.XmlLineInfoProvider(System.Xml.IXmlLineInfo)">
            <param name="xmlLineInfo">Per uso interno della piattaforma Xamarin.Forms.</param>
            <summary>Per uso interno della piattaforma Xamarin.Forms.</summary>
        </member>
        <member name="P:Xamarin.Forms.Xaml.Internals.XmlLineInfoProvider.XmlLineInfo">
            <summary>Per uso interno della piattaforma Xamarin.Forms.</summary>
        </member>
        <member name="T:Xamarin.Forms.Xaml.Internals.XmlNamespaceResolver">
            <summary>Per uso interno della piattaforma Xamarin.Forms.</summary>
        </member>
        <member name="C:Xamarin.Forms.Xaml.Internals.XmlNamespaceResolver">
            <summary>Per uso interno della piattaforma Xamarin.Forms.</summary>
        </member>
        <member name="M:Xamarin.Forms.Xaml.Internals.XmlNamespaceResolver.Add(System.String,System.String)">
            <param name="prefix">Per uso interno della piattaforma Xamarin.Forms.</param>
            <param name="ns">Per uso interno della piattaforma Xamarin.Forms.</param>
            <summary>Per uso interno della piattaforma Xamarin.Forms.</summary>
        </member>
        <member name="M:Xamarin.Forms.Xaml.Internals.XmlNamespaceResolver.GetNamespacesInScope(System.Xml.XmlNamespaceScope)">
            <param name="scope">Per uso interno della piattaforma Xamarin.Forms.</param>
            <summary>Per uso interno della piattaforma Xamarin.Forms.</summary>
        </member>
        <member name="M:Xamarin.Forms.Xaml.Internals.XmlNamespaceResolver.LookupNamespace(System.String)">
            <param name="prefix">Per uso interno della piattaforma Xamarin.Forms.</param>
            <summary>Per uso interno della piattaforma Xamarin.Forms.</summary>
        </member>
        <member name="M:Xamarin.Forms.Xaml.Internals.XmlNamespaceResolver.LookupPrefix(System.String)">
            <param name="namespaceName">Per uso interno della piattaforma Xamarin.Forms.</param>
            <summary>Per uso interno della piattaforma Xamarin.Forms.</summary>
        </member>
    </members>
</doc>
